"","开盘价","收盘价","最高价","最低价","前收盘价","均价","涨跌","涨跌幅","成交量","成交金额","换手率","振幅","聚类结果","收益率","累计收益率","交易日","当日涨跌","上周平均收益率"
"1",94.0354352247296,92.4564363715902,94.413408975497,91.8047076046018,91.1591433138496,92.9959930260384,1.29729305774061,0.203923209398636,31662090.5936526,724567763.944374,0.712082245456515,2.68544295600375,1,0,0,1,1,0
"2",92.5999223279529,91.211311647213,92.9575380603991,90.5318177754283,92.4564363715902,91.6998873955586,-1.2451247243772,0.319583366569527,24475459.2866253,413064620.391278,0.650521873340179,2.39822946162229,1,0.00319575485640746,0.00319575485640746,2,1,0.00319575485640746
"3",90.74521081107,93.09322307004,93.9178081682954,89.9315346377705,91.211311647213,92.6145276443945,1.88191142282697,2.31710327841466,35945683.4421644,565247874.28027,1.04620211800042,4.46780831922576,1,0.023171031498564,0.0263667863549715,3,1,0.0263667863549715
"4",94.0099594461878,93.7396543070104,94.7331825527625,93.1358299443491,93.09322307004,93.7877875873603,0.646431236970401,1.98287888630046,40986351.6519264,568513243.524448,1.23909600141068,2.7785934638444,1,0.0198287279303973,0.0461955142853688,4,1,0.0461955142853688
"5",93.7022002916086,93.6009022792896,94.7052222400372,92.8794323661607,93.7396543070104,93.9067418303304,-0.138752027720807,-0.413660477903986,27355951.3276049,421349863.88424,0.826875398814054,2.16077662012232,1,-0.00413649428056886,0.0420590200047999,5,0,0.00841180400095999
"6",94.3613526620657,95.2314752045174,96.8184764655874,94.1751691912372,93.6009022792896,95.5868315923265,1.63057292522786,0.337976385140669,39106540.0016481,705039796.680509,1.00989918008009,2.75658844010824,1,0.00337980465857568,0.0454388246633756,6,1,0.00908776493267512
"7",95.3878891160748,95.5786967549095,96.574372464877,94.2958629994942,95.2314752045174,95.6342016174231,0.34722155039202,-0.278584147109185,30632796.5584557,468407792.056449,0.747395930096563,2.58157496143249,1,-0.0027858513492411,0.0426529733141345,7,0,0.00789144369154541
"8",96.5152768644309,98.1682714572865,98.3660285796447,95.5691504291603,95.5786967549095,97.144283597316,2.589574702377,2.07972303117766,30616836.8954787,565938177.267685,0.923793886891728,2.67074096944619,1,0.0207971635652661,0.0634501368794006,8,1,0.00741667010488582
"9",97.6997871059291,96.458295780608,98.1835563203315,95.9800452143288,98.1682714572865,96.7200898395654,-1.70997567667847,-1.38666456147194,23161838.7312327,391781642.618465,0.723199440469108,2.1301208912711,1,-0.0138666013684128,0.0495835355109878,9,0,0.000677604245123794
"10",96.9446979130369,101.622543037165,101.859076014,96.4854966201457,96.458295780608,99.8798620349743,5.16424725655686,1.90195436638511,26182059.7789268,695513361.487641,0.838583780082833,2.49631240496267,1,0.0190196361087647,0.0686031716197524,10,1,0.0053088303229905
"11",101.339219711683,101.840147225837,102.537794183619,100.635218754329,101.622543037165,101.563879074284,0.217604188671663,0.557883262270326,23954114.2905117,573126988.521681,1.31782515360038,2.25772398368235,1,0.0055790620516043,0.0741822336713567,11,1,0.00574868180159622
"12",102.117271055495,101.440130897901,103.087464415875,100.919887234287,101.840147225837,101.859061288406,-0.400016327935965,-1.55159408406924,22353373.9721648,446836226.213094,0.776657439464194,2.33275186030457,1,-0.0155160351799519,0.0586661984914049,12,0,0.00320264503545407
"13",102.283414156128,105.00439651678,105.997142902137,101.701046144638,101.440130897901,104.070251585172,3.5642656188799,1.45225993733416,36622679.8514812,909901762.187423,0.837667147104662,2.87709832688276,1,0.0145225410779029,0.0731887395693077,13,1,0.00194772053798142
"14",105.916421966381,105.473623437107,107.257353839327,104.691220438802,105.00439651678,105.789341656042,0.469226920326332,-0.0938000317800943,27552751.7495246,651999022.110039,0.576579673117031,1.93711622244397,1,-0.000938056520547924,0.0722506830487598,14,0,0.00453342950755441
"15",105.322277939865,103.091431197908,105.378871664257,102.234158352725,105.473623437107,103.418871925394,-2.38219223919867,-1.46984328908658,22715050.4809519,560040947.25518,0.554914889859378,2.40330609174011,1,-0.0146984047012165,0.0575522783475433,15,0,-0.00221017865444182
"16",102.551353695963,102.378868529242,103.722095940902,101.942986569129,103.091431197908,102.774418466868,-0.712562668666265,0.504173117137577,18872637.9333453,451255775.612742,0.655465864283643,2.02117815589313,1,0.00504175290579361,0.0625940312533369,16,1,-0.00231764048360396
"17",103.033934628273,103.336950638273,104.19996719835,102.136949208948,102.378868529242,103.312998950791,0.958082109030819,-0.152658291587511,22384992.832814,436998691.646706,0.684803693092288,2.43024960080523,1,-0.00152672807221185,0.0610673031811251,17,0,0.000480220937944047
"18",103.832104183046,104.413221461017,105.227430932851,102.942640217812,103.336950638273,104.226800832286,1.07627082274396,0.70083200628016,33240370.5014129,542104228.744081,0.592504639382135,1.9517499173004,1,0.00700848367923805,0.0680757868603631,18,1,-0.00102259054178892
"19",105.050572379623,103.97225811502,106.557306373307,103.806676551982,104.413221461017,105.308358813755,-0.440963345996221,-0.530725934525403,33013842.5829749,590792283.02118,0.657948385184277,2.44109130224274,1,-0.00530708553387753,0.0627687013264856,19,0,-0.00189639634445484
"20",104.028522728666,105.084408644488,105.623355712088,102.494099781862,103.97225811502,104.623871562642,1.11215052946715,-0.230731494281808,29902299.7238432,506187863.16609,0.718983140088908,3.52617395670684,1,-0.00230735108197437,0.0604613502445112,20,0,0.00058181437939358
"21",105.071453995907,103.787249411148,105.375451573613,103.708659252715,105.084408644488,104.506275888458,-1.29715923334005,-0.265432876056578,26926963.0425547,420700711.705766,0.626729827401655,2.58998235242564,1,-0.0026542888863006,0.0578070613582106,21,0,-0.000957393979025262
"22",104.347794254556,105.744414396673,105.88600635784,103.906686592488,103.787249411148,105.15915044248,1.9571649855252,0.192698783398501,30489663.2060486,575692524.638382,0.808202509756311,3.43962909872005,1,0.00192714826327485,0.0597342096214855,22,1,-0.000266618711927922
"23",106.879249533456,106.259476443851,107.210877929259,105.682013488342,105.744414396673,106.566791512603,0.515062047178016,0.977766355391717,27408020.8715669,509617949.179271,0.600870540171631,2.4114452946518,1,0.00977772421906736,0.0695119338405528,23,1,0.00028722939603794
"24",106.584068540518,111.064007138037,111.671555455068,105.553454881309,106.259476443851,109.168990418021,4.80453069418599,2.12754904541668,30239810.2353867,809100552.769748,0.929234369113773,3.25952503975796,1,0.0212754936123615,0.0907874274529143,24,1,0.00560374522528574
"25",110.711235024657,110.093854520527,111.242041596998,109.528834281697,111.064007138037,110.156093346664,-0.970152617509667,1.00615646625785,40535077.9659021,661750177.987117,1.2879698908245,3.01725545350807,1,0.0100614414959178,0.100848868948832,25,1,0.00807750374086418
"26",110.7976731896,112.693772984756,112.870987984046,109.925800794469,110.093854520527,111.299328613203,2.59991846422886,1.69834420642689,48558817.1754415,733074215.362058,1.42318113710871,3.10656671832323,1,0.0169835232305109,0.117832392179343,26,1,0.0120050661642265
"27",112.081478255955,112.973877624696,114.005873672171,111.867535941731,112.693772984756,112.88433989034,0.280104639940019,0.0571462358656687,33065746.5750782,591425475.197744,1.52094855457575,2.49199278691845,1,0.000571539022172761,0.118403931201516,27,1,0.0117339443160061
"28",112.627781842512,111.13863995683,112.683038379792,110.815760486767,112.973877624696,111.586927837733,-1.8352233213595,-0.980797136858207,35705645.694258,511247104.674154,1.31328207346015,2.15739670541898,1,-0.00980807088727695,0.108595860314239,28,0,0.0078167852947372
"29",112.090984739279,113.533083140536,114.254555006512,112.050197037927,111.13863995683,113.235398125972,2.39444318370603,2.69039217037042,47336437.202477,751609669.59664,1.9569588550169,2.61011561644191,1,0.0269040187460974,0.135499879060336,29,1,0.00894249032148438
"30",113.81303966546,112.164005867602,114.132158664819,111.517512233703,113.533083140536,112.678744358149,-1.3690772729335,-0.718972392806722,47889529.0425283,677627158.053419,3.10967183864928,4.00723315456197,1,-0.00718985926077093,0.128310019799565,30,0,0.00549223017014663
"31",112.763754245228,110.905397939024,112.85934057767,109.919623739706,112.164005867602,111.161119030032,-1.2586079285787,-0.00440751945775997,50497211.5511834,775966323.671072,2.06895542015677,2.84347494152789,1,-4.38187456357373e-05,0.12826620105393,31,0,0.00208676177491731
"32",110.627753222769,110.59796328282,112.221737191445,110.051557973046,110.905397939024,111.284964776416,-0.307434656203368,-0.582297684351982,58753430.8664396,743781049.059762,1.71028974058464,3.09918920672521,1,-0.00582292031345661,0.122443280740473,32,0,0.000807869907791432
"33",110.134068453208,111.559061650127,111.989177625725,109.649364669856,110.59796328282,110.721486182401,0.961098367306658,1.71321065200949,53523399.0380867,671693186.65806,1.56598966648596,3.55608351124812,1,0.0171320234434004,0.139575304183873,33,1,0.00619588877392689
"34",112.306854539141,114.276300367216,114.638934407617,110.451639162092,111.559061650127,112.431811927628,2.71723871708884,4.85424582351809,122742657.939965,1812361061.43649,3.22944182232657,5.17157983226418,1,0.0485425019475145,0.188117806131388,34,1,0.0105235854142103
"35",115.079997425663,111.9856061904,115.380560765242,111.726765021685,114.276300367216,113.296194029519,-2.29069417681568,-1.7370039733853,121536140.257531,1517356400.00519,2.93439869221867,4.17121350226028,1,-0.0173700161457142,0.170747789985673,35,0,0.00848755403722165
"36",112.791244150568,113.977042816446,116.608603880585,112.442414697933,111.9856061904,114.503843901368,1.99143662604646,1.2135194619072,93974447.5390913,1417388858.76549,2.47209421109367,3.86736225749231,1,0.0121351357002902,0.182882925685964,36,1,0.0109233449264068
"37",113.616401636913,116.10588765539,117.458525349294,113.377886750576,113.977042816446,115.777915871644,2.12884483894348,0.944334730789975,63818009.0962167,1090362580.22698,2.95770541946206,3.77425201742943,1,0.00944326643890002,0.192326192124864,37,1,0.0139765822768782
"38",117.026032052417,121.11015416548,121.257594173589,116.754944675176,116.10588765539,119.055711700365,5.00426651008964,1.47541689034125,65167735.9004717,1218334597.96247,3.07031886818798,4.20351955315636,1,0.0147540425319965,0.20708023465686,38,1,0.0135009860945974
"39",121.950011993468,120.077981803471,122.634096484662,119.28290270006,121.11015416548,120.915804125628,-1.0321723620088,0.261480561148309,117438538.406889,1851182326.91935,3.88851906658885,3.86222984100192,1,0.00261483488460478,0.209695069541465,39,1,0.00431545268201546
"40",120.520510568655,119.894629451312,121.370487901101,119.131094797141,120.077981803471,119.996901560942,-0.183352352158543,1.14941159641394,86553211.2328587,1151915947.13964,2.73645649274428,3.23330523806513,1,0.0114939489138653,0.22118901845533,40,1,0.0100882456939314
"41",119.215906907837,118.222138357698,119.925417544417,117.741783809697,119.894629451312,118.554817609882,-1.67249109361406,0.0420995321477409,93406871.7057276,1213771883.30608,3.01902211226471,2.64724073180726,1,0.000421075069836759,0.221610093525167,41,1,0.00774543356784067
"42",117.344435783298,115.377136493547,117.417593098062,114.805700680778,118.222138357698,115.863712670882,-2.84500186415151,-0.919398193658097,94154127.4773851,1362947178.1847,2.96796525834307,2.680576783641,1,-0.00919410888971875,0.212415984635448,42,0,0.00401795850211691
"43",113.681557893013,113.282711327195,115.003835854788,112.692256095067,115.377136493547,113.837993022997,-2.09442516635194,-5.61355482071768,90856485.1001648,1229867789.92467,2.80140368120244,4.73072213924032,1,-0.0561355402970118,0.156280444338437,43,0,-0.0101599580636848
"44",113.610881349575,116.45812682727,117.729828223726,113.561829960105,113.282711327195,115.772903678325,3.17541550007574,2.16598178666466,58633558.0823201,1007544740.95607,1.76308309706964,3.89989558075288,1,0.0216597229802011,0.177940167318638,44,1,-0.00635098044456549
"45",117.281589877925,114.586100789344,117.394821332855,113.610672741051,116.45812682727,115.539681954766,-1.87202603792646,0.560740110399728,71835340.1432933,1098559644.7265,2.25700446758956,2.95095061873881,1,0.00560739737025525,0.183547564688893,45,1,-0.00752829075328749
"46",114.676140341866,115.896484646788,117.041834521195,114.574980583783,114.586100789344,115.933474683445,1.31038385744358,0.211642921906173,59618358.5125198,899077920.392571,2.77395776953682,3.32943492433649,1,0.00211621594575711,0.18566378063465,46,1,-0.00718926257810342
"47",116.28990909901,119.284129336062,120.532397835612,115.678888680074,115.896484646788,118.671017410361,3.3876446892741,0.0720447404261453,65169949.4879389,1201486186.09716,2.17143292828031,4.89953219959715,1,0.000720347238732022,0.186384127873382,47,1,-0.00520637135241327
"48",118.982710581154,119.341789831082,120.928819454089,117.316425338284,119.284129336062,119.655451741141,0.057660495020332,1.48389201594205,52113380.75665,1002271788.31075,3.75382571941433,4.13222130220193,1,0.014838992025102,0.201223119898484,48,1,0.00898853511200949
"49",119.555516755265,124.280941412223,125.002861704785,119.184590677721,119.341789831082,122.589977400648,4.93915158114085,3.0913328909121,87035020.2238338,1595839305.29082,3.64094532587683,5.18219209048629,1,0.0309132464347935,0.232136366333277,49,1,0.010839239802928
"50",123.276658064719,121.679380724226,124.013261057101,121.564136741248,124.280941412223,122.554544817158,-2.601560687997,-1.14890825043557,62864962.2110269,965148536.421621,2.66504981296345,2.4397671044135,1,-0.0114891342707054,0.220647232062572,50,0,0.00741993347473585
"51",121.300849215868,121.752199955644,123.16890860063,120.415139786198,121.679380724226,121.855381198815,0.0728192314182406,0.415438713772616,51300148.9904756,752985393.455726,2.48795712666522,3.1164152402721,1,0.00415444263293591,0.224801674695508,51,1,0.00782757881217161
"52",121.110056242994,120.861106094641,122.029320147141,120.105899355748,121.752199955644,120.813270850192,-0.891093861002845,0.953311513098726,57281059.530682,826306328.88948,4.68188427633387,3.22848293789229,1,0.00953309721056483,0.234334771906073,52,1,0.00959012880653817
"53",121.159126630856,122.120562389498,123.025936265382,120.61647667303,120.861106094641,121.917630786058,1.25945629485672,0.780256312652024,42994940.8217898,687473668.281414,3.66433221459499,2.84133144741477,1,0.0078025283799171,0.24213730028599,53,1,0.00818283607750119
"54",120.830464516494,119.372566012669,121.40605713195,118.906591699845,122.120562389498,119.915520350282,-2.74799637682915,-1.70024315918327,65722036.9887604,913323475.810926,4.31336506211021,3.89265243388291,1,-0.0170023908398585,0.225134909446131,54,0,-0.00140029137742921
"55",119.991903163387,118.752599712691,120.934896814383,117.435004631074,119.372566012669,119.164885436929,-0.61996629997738,-2.42154778373749,51709621.7892947,799904750.887991,2.71463139892807,4.01327605460568,1,-0.0242155544114098,0.200919355034722,55,0,-0.00394557540557009
"56",119.936679833865,121.04821467675,121.902205540747,118.954875863823,118.752599712691,120.692409238977,2.2956149640584,1.13222015978489,39777517.2744691,791116148.676846,1.55049598460469,2.77958725246366,1,0.0113220672761244,0.212241422310846,56,1,-0.0025120504769324
"57",121.750830238318,123.647693284372,124.896197620237,120.511331383099,121.04821467675,122.9520242487,2.59947860762224,0.0492666458551045,39070746.1833749,957838621.066656,1.81980066056318,3.08315320571718,1,0.000492550482048756,0.212733972792895,57,1,-0.00432015982263561
"58",127.633980941765,130.605563127185,132.494305995037,126.829937540667,123.647693284372,129.519393451235,6.9578698428127,2.9210911585374,81043933.5214071,1752015959.80395,2.90373674187213,5.1408567580101,1,0.0292107440534196,0.241944716846314,58,1,-3.85166879351225e-05
"59",131.510396713469,131.499415578023,133.072878176259,130.163772911558,130.605563127185,131.353874208175,0.893852450838107,1.86140370552061,90626096.8185793,1484365729.32912,3.33405716621667,3.66515678094508,1,0.0186140173532943,0.260558734199609,59,1,0.00708476495069544
"60",131.663827374492,130.199193175396,131.82265887239,128.120745330534,131.499415578023,129.494809848317,-1.3002224026266,-0.158405068245784,66336359.7749956,1152143403.07601,2.79760167085809,3.15937933034779,1,-0.00158402536149772,0.258974708838111,60,0,0.0116110707606779
"61",128.765955765877,129.6128778649,130.739195434608,127.851090878202,130.199193175396,129.336417340063,-0.586315310496007,1.87638036232535,90458649.3935574,1193602873.86195,3.8599329785956,4.07720630832187,1,0.0187637829160399,0.277738491754151,61,1,0.0130994138886609
"62",129.117289025968,132.683524273469,132.904418689382,128.382997505757,129.6128778649,131.114900782055,3.07064640856833,1.9381639604551,126684988.752678,1757570921.47455,3.26286441419806,3.22692113926949,1,0.0193817172052108,0.297120208959362,62,1,0.0168772472332934
"63",137.70329870556,137.731776477375,139.046226939056,136.057430787032,132.683524273469,137.282326853831,5.04825220390599,0.571794621561616,106547506.675349,1710565684.0626,3.38218313613686,4.40636439031139,1,0.0057180160891086,0.30283822504847,63,1,0.0121787016404312
"64",138.113186271795,138.380698169222,138.941346062877,136.436019586699,137.731776477375,137.318975374135,0.648921691846888,-0.307030778427666,67294319.0768407,1132271199.70508,2.23403575678512,2.78009717307573,1,-0.00307039285467825,0.299767832193792,64,0,0.00784181959883667
"65",138.030714234868,144.449810159069,145.124103458883,137.444267812613,138.380698169222,142.374430401842,6.06911198984787,-0.19773412391565,67709564.7775652,1414698051.06103,1.69519724550241,3.15905356849649,1,-0.00197733062523522,0.297790501568557,65,0,0.00776315854608917
"66",144.460022540752,141.047250760583,144.884238815999,138.185541770832,144.449810159069,140.926423816051,-3.40255939848598,-1.76532396033645,55957434.0074702,1229185841.02355,1.95651510967433,3.89644026931251,1,-0.0176532981773054,0.280137203391251,66,0,0.000479742327420112
"67",138.692692994406,139.443556948641,140.394796080506,137.299575578426,141.047250760583,138.706153080299,-1.60369381194219,-0.125942898071458,46343159.2084603,986340521.522553,1.61214594139577,2.56883899331233,1,-0.00125935675952013,0.278877846631731,67,0,-0.00364847246552608
"68",142.043830362921,138.433122319168,143.280068030013,138.413320527873,139.443556948641,140.962103554267,-1.01043462947311,-0.300237080597745,78747337.8956203,1216553223.95924,2.20865267646296,3.37882857291539,1,-0.00300224433971884,0.275875602292012,68,0,-0.00539252455129157
"69",138.07939835071,143.282316323588,143.289283161447,137.403221530285,138.433122319168,141.095899764032,4.84919400442006,1.88658344248439,72902660.056522,1210513807.19888,1.86142035761006,3.9937534685702,1,0.0188657546924496,0.294741356984462,69,1,-0.00100529504186599
"70",142.975136215559,144.969086566118,145.594845183346,141.043269631217,143.282316323588,143.859230604932,1.68677024252961,-0.182751053854949,51384176.5219216,961974011.932165,1.44473168208169,2.22442204009201,1,-0.00182740742215352,0.292913949562308,70,0,-0.000975310401249653
"71",144.040192045243,143.959441752312,145.425469987181,142.580120511201,144.969086566118,144.012448703214,-1.00964481380532,-0.842015261304237,43089243.0422492,606870087.249181,1.25344197105256,2.22067582154291,1,-0.00842020048044727,0.284493749081861,71,0,0.000871309138121974
"72",143.778670818661,145.037259116674,146.285631146634,141.816342907068,143.959441752312,144.12410502743,1.07781736436157,0.692262830970433,38364284.6133769,763713445.263781,1.08383196876674,2.53596412565696,1,0.0069225051420853,0.291416254223946,72,1,0.00250768151844306
"73",146.004233371934,144.286497401122,148.834077873945,143.010501828337,145.037259116674,145.822185100483,-0.75076171555251,-2.57452440638059,70416933.472628,1119720853.95195,1.65754242800011,3.90383378331343,1,-0.0257452115392168,0.26567104268473,73,0,-0.00204091192145653
"74",144.531615436482,147.853172902141,148.915011719561,144.136737477226,144.286497401122,146.809126951159,3.5666755010191,-0.891726852699827,44012429.3842374,1015582522.73271,1.06706130758998,2.36977845396028,1,-0.00891718024343948,0.25675386244129,74,0,-0.00759749890863435
"75",148.59751198191,147.199833444317,150.118102813543,144.371814933054,147.853172902141,147.060432900792,-0.653339457823689,0.411562482287675,42969240.3753383,996111841.176649,0.95576656902986,2.50544795725849,1,0.00411549409839555,0.260869356539686,75,1,-0.00640891860452453
"76",146.999838733528,144.389668846028,147.791409807128,144.206077098843,147.199833444317,145.696198456126,-2.81016459828859,-3.20545670380951,45636181.2031422,907847606.742176,1.18423191231551,3.66536423716153,1,-0.032054621277814,0.228814735261872,76,0,-0.0111358027639979
"77",143.523373174516,143.243875770595,145.548741519282,143.216212463491,144.389668846028,144.303583154154,-1.1457930754337,-1.10459993814139,40377756.9499266,902440377.580478,0.872500179753287,2.40097673929246,1,-0.0110460397485268,0.217768695513345,77,0,-0.0147295117421203
"78",143.258448675069,147.067394465543,149.738255924627,141.649537012018,143.243875770595,146.474533945857,3.82351869494852,-0.248163743879323,44011245.4345946,1073369127.6623,1.21577145731035,4.77344952484666,1,-0.00248155400722818,0.215287141506117,78,0,-0.0100767802357226
"79",146.536742435068,147.448769770335,149.061795843342,145.698935729636,147.067394465543,147.513141236522,0.381375304791728,1.14715620384324,35292743.8367609,794768202.372792,0.95901812857174,2.81720422957579,1,0.0114716833909677,0.226758824897085,79,1,-0.00599900750884114
"80",140.235206512352,137.140715365795,141.639742657856,135.184881604375,147.448769770335,137.894454704398,-10.3080544045395,-7.12025276360282,73151524.9936163,2309055130.65774,1.74812699131248,5.36869856546704,1,-0.071202600294733,0.155556224602351,80,0,-0.0210626263874669
"81",135.356994648265,134.953304160788,138.460954974987,131.966056338671,137.140715365795,135.920258335045,-2.1874112050078,0.913756987546324,38258587.109331,1581704848.04922,1.17638885740688,3.36160584483689,1,0.00913758743133086,0.164693812033682,81,1,-0.0128241846456379
"82",130.497506846381,134.086879784499,136.699760716134,130.434151936394,134.953304160788,133.670513780792,-0.86642437628864,-0.855844837551115,34574299.148051,1288616613.9945,0.997423425086465,3.8128298148152,1,-0.00855847179825973,0.156135340235423,82,0,-0.0123266710555845
"83",132.736375281651,130.309835564594,133.496097953877,127.934865326857,134.086879784499,130.37871868534,-3.77704421990512,-1.64667071496133,34034816.0485482,1386590841.28352,0.696004366431474,2.86386578510027,1,-0.0164664527741537,0.139668887461269,83,0,-0.0151236508089696
"84",132.757285787794,137.432907415876,137.982216859793,131.592670238502,130.309835564594,135.070937446687,7.12307185128177,3.02472406420662,40654506.0739483,1321121164.63718,0.964485572220659,4.01657188890069,1,0.0302473816687509,0.16991626913002,84,1,-0.011368511153413
"85",136.155671496262,135.24592528131,138.103183482347,133.929946877587,137.432907415876,135.816575840643,-2.18698213456551,-0.603079223517633,29117764.8548465,816693755.556186,0.881895478926217,3.55274852266351,1,-0.00603087289238308,0.163885396237637,85,0,0.00166583432705704
"86",134.115060432002,134.345598279037,137.246400008294,132.342647685343,135.24592528131,135.137461759497,-0.900327002273011,-1.46561995621613,32052383.8494857,1010610305.60546,0.730062672321748,2.51366039583675,1,-0.0146561764393153,0.149229219798321,86,0,-0.00309291844707219
"87",134.928280952813,140.294514354005,141.19236196385,134.87953125594,134.345598279037,138.612612256409,5.94891607496805,2.30643631963285,30173086.2785748,1057245283.36862,0.731019458632833,2.65053101598372,1,0.0230642674843476,0.172293487282669,87,1,0.00323162940944928
"88",139.077808050951,140.647159440019,140.994736553249,137.011546543341,140.214452853795,139.557576525557,0.432706586224523,0.30277577949244,27901627.758168,789030582.063325,0.68826435229165,1.705588754484,1,-0.0044677330360892,0.16782575424658,88,0,0.00563137335706219
"89",140.258590538072,137.088708604768,141.032196680301,136.097612192135,140.647159440019,138.091599982124,-3.55845083525087,-3.10886633823897,34013331.4378547,898024645.331782,0.945052945405222,4.06927808574579,1,-0.031088585622685,0.136737168623895,89,0,-0.00663582010122498
"90",136.128123840595,133.852201356911,136.178084158228,131.679466888878,137.088708604768,133.866554590985,-3.23650724785742,-1.52791605037743,28117274.7084165,761651085.834939,0.846296183268308,4.40786854941779,1,-0.0152791475308394,0.121458021093055,90,0,-0.00848547502891625
"91",133.852274396998,135.379709874819,137.582805008116,131.959295806589,133.852201356911,135.284171042629,1.52750851790797,1.20572189925991,25951397.6005595,729186084.899412,0.723662414367878,2.74138695239349,1,0.0120572703813886,0.133515291474444,91,1,-0.00314278566477548
"92",135.38548831038,134.345069516816,136.729556790495,133.138870170103,135.379709874819,134.737130475525,-1.03464035800265,-0.503684965029726,24644637.3127282,579992919.957343,0.596444869364091,2.1733931768194,1,-0.00503699090769433,0.12847830056675,92,0,-0.00876303734318388
"93",133.350114491979,130.349468120488,133.830036107879,129.629114381012,134.345069516816,131.986636799193,-3.99560139632781,-1.8945688686821,26985317.4413586,907848046.034379,0.719627357033362,3.07515191380249,1,-0.0189458618441089,0.109532438722641,93,0,-0.0116586631047878
"94",130.9407485682,132.858617035651,133.865782747023,130.807131946236,130.349468120488,132.564526479084,2.50914891516219,0.2927338225918,21411307.5332963,700566194.903257,0.453185611300643,1.74208798566618,1,0.00292736281059615,0.112459801533237,94,1,-0.0048554734181316
"95",132.952913073867,133.103908346067,133.705677315224,130.132535551223,132.858617035651,132.099402003263,0.245291310416801,2.08977620795728,27608114.4652938,698412882.084538,0.925094786277922,3.68307504071129,1,0.0208978383003748,0.133357639833612,95,1,0.00237992374811124
"96",132.938837001361,134.368744880969,137.25807369909,132.438896525532,133.103908346067,134.982170216932,1.26483653490122,-0.110201306169547,32210015.9591669,1187547340.39298,0.892756835846183,2.4543499256482,1,-0.00110221415620499,0.132255425677407,96,0,-0.000251973159407467
"97",134.337791254442,137.772929131538,139.696199138152,134.287686060155,134.368744880969,137.280669909736,3.40418425056986,0.0442385276301108,20894854.2568529,1003542446.26125,0.543760623450286,1.87510209571662,1,0.000442335765119861,0.132697761442527,97,1,0.000843892175155371
"98",137.484793295147,136.760325400525,138.936603829536,134.669843860358,137.772929131538,136.412608684516,-1.01260373101369,-0.706747118625671,24020507.6594966,685278031.199502,0.581474592289377,2.17176246869509,1,-0.00706750432888417,0.125630257113642,98,0,0.00321956367820033
"99",136.08454517931,134.553787614671,137.066638237965,134.519886512759,136.760325400525,135.605895032462,-2.2065377858543,-0.370120535719049,20402557.1985598,605949126.631878,0.472048059181875,1.64286087279887,1,-0.0037012465186992,0.121929010594943,99,0,0.00189384181234126
"100",134.853223564852,134.825925632326,136.254695132693,133.948831520833,134.553787614671,134.891816887796,0.272138017655164,-0.0531003647400539,31465297.0591034,685520958.0911,0.567814648899085,1.95065227711768,1,-0.000531066420925162,0.121397944174018,100,0,-0.00239193913191873
"101",135.253157568523,132.341231530604,135.327402994421,131.68047878473,134.825925632326,132.622625619931,-2.48469410172163,-1.40511626785073,21738602.5064992,661843813.338336,0.511297207799486,2.17148871239608,1,-0.0140510490731268,0.107346895100891,101,0,-0.00498170611530309
"102",133.655894955163,131.845464765228,134.050863564115,131.588180569384,132.341231530604,132.668357247824,-0.495766765376546,0.356610105741014,23361270.4857149,599789810.856541,0.50427734362099,1.84170034236436,1,0.00356598774515569,0.110912882846047,102,1,-0.00435697571929593
"103",132.43641007733,130.388977675723,132.480336590164,129.778060075244,131.845464765228,130.863133788975,-1.45648708950424,-1.40014559728085,19941206.5031921,571510089.148644,0.520749677179088,2.24766340206325,1,-0.0140016671753068,0.0969112156707401,103,0,-0.00574380828858045
"104",129.799635844811,131.717864740496,132.897436664381,127.163529594974,130.388977675723,130.550108089499,1.32888706477236,0.608777200467649,30754961.8665762,915689923.74188,0.538552955283461,2.46326870656137,1,0.00608768816129256,0.102998903832033,104,1,-0.0037860213525821
"105",132.427762231872,137.62480397851,138.320321321795,132.2575079982,131.702153307999,135.982682282632,5.92265067051185,3.35446102381014,46866671.2141751,1365103311.40936,0.860532408944265,3.64231017260582,1,0.0306978344249468,0.13369673825698,105,1,0.00245975881659231
"106",136.94241254948,136.983114621348,137.687116070436,135.122884216368,137.62480397851,136.932780362005,-0.641689357162116,-0.528423583977491,23911890.8064209,663833050.667283,0.589713884752386,1.75759031781821,1,-0.00528421936230524,0.128412518894674,106,0,0.00421312475875662
"107",137.461541871957,137.446060173744,137.836859742062,135.513492722104,136.983114621348,136.972053567162,0.462945552396181,-0.0386949603284786,22719623.1519226,587136283.567383,0.505698476992,1.80201314260179,1,-0.000386973867680088,0.128025545026994,107,0,0.00342253243618946
"108",137.591852574851,137.762475564135,140.675843559941,137.322307505373,137.433650960159,138.826425211487,0.328824603975654,-1.2081544688474,20289161.4614422,702618467.534655,0.494137967128652,2.23951011585595,1,-0.0141705005956678,0.113855044431326,108,0,0.00338876575211725
"109",136.914878168568,137.59371822966,139.851384532252,136.742132331194,137.762475564135,138.217874110892,-0.168757334475026,0.337628715943858,17319947.7906932,557263700.247795,0.398559702145445,1.67932808624737,1,0.00337624997605899,0.117231294407385,109,1,0.00284647811507053
"110",138.368053581226,138.372077560838,138.850722328922,136.25488506505,137.59371822966,137.775440926143,0.778359331177933,0.0991698204366139,14987486.572562,493994189.697898,0.305565676104696,1.49748012662961,1,0.000991625104781041,0.118222919512166,110,1,-0.00309476374896263
"111",141.834519092521,140.629756955261,142.856186714128,140.598198198969,138.372077560838,141.832059844956,2.25767939442305,1.60376839925226,36254418.7283733,999004757.867363,0.682535625789145,2.05533097688647,1,0.0160374686632746,0.134260388175441,111,1,0.00116957385615335
"112",140.690121574274,146.958649382005,147.070957364334,140.615135067885,140.629756955261,144.981985782284,6.32889242674398,2.54019556066519,45173982.2511801,1276428211.8176,0.848179079636711,3.57696580683983,1,0.0254021169444243,0.159662505119865,112,1,0.00632739201857424
"113",146.239702165314,147.186893727561,148.432951799928,145.423065509802,146.958649382005,147.154559326526,0.228244345556659,0.566140809481537,36626469.5057488,925197024.657334,0.909976598344098,2.02132966774872,1,0.00566153033593207,0.165324035455797,113,1,0.0102937982048942
"114",147.462725404478,148.718221930364,150.581988008948,146.931889660579,147.184296340097,149.144518658532,1.53392559026701,0.0162833067432507,20180553.2305949,805832967.160574,0.521748818514388,1.65214534880649,1,-8.02924863116882e-05,0.165243742969486,114,0,0.00960248971242008
"115",149.421190524604,148.070343237448,150.453781455971,145.683772199464,148.718221930364,147.870190088068,-0.647878692916491,-0.717978206095174,28122487.7879428,956742211.752967,0.672974308790831,2.48581088150063,1,-0.00717964668073674,0.158064096288749,115,0,0.00796823535531653
"116",148.318387295441,147.641149289558,148.456126657043,146.306022756349,148.063664994265,147.521449445916,-0.422515704707129,0.265710019995988,20754225.3230577,568870534.50792,0.541933308456281,2.24280016835194,1,0.00215686417750834,0.160220960466257,116,1,0.00519211445816326
"117",148.401667280103,150.066155839976,150.818171774431,147.814404045963,147.641082949812,149.852715178725,2.42507289016432,0.949240042055703,28191169.1642579,905278482.276264,0.581254476671594,2.10131964936846,1,0.0094814425674202,0.169702403033678,117,1,0.00200797958276244
"118",148.585752703594,148.255685053514,149.027257151087,146.351610378442,147.97960012139,147.853745159728,0.276084932124199,-0.514467597992978,20889415.130752,589086386.895694,0.441538527680918,2.18549343243165,1,-0.00739003703197167,0.162312366001706,118,0,-0.000602333890818313
"119",151.320905928433,155.256515408969,155.856792612764,150.647548736279,148.255685053514,153.203644855871,7.00083035545505,2.32965858931705,33287040.2731313,1030319756.04708,0.908863748269631,2.10571072015897,1,0.0232967046493912,0.185609070651097,119,1,0.00407306553632227
"120",154.273247476458,154.278045923885,154.949532422547,152.918057878892,155.256515408969,153.742708045756,-0.978469485084072,-0.114741501587774,26731025.4679295,791429704.449781,0.668273344394339,1.27291274871507,1,-0.00114759171796327,0.184461478933134,120,0,0.00527947652887696
"121",153.540779337945,148.907414579285,154.006312063653,147.93938221707,154.278045923885,150.724527939448,-5.37063134459963,-1.09042388745673,23916738.8825174,1151114700.75479,0.549475639572421,1.86514919190734,1,-0.0109043146651269,0.173557164268007,121,0,0.00266724076034991
"122",148.60368828243,148.071677244125,149.502102250237,146.473464603285,148.907414579285,147.928917892287,-0.835737335160486,1.30101079282085,32934925.5319804,900233725.648299,1.60181006288067,2.72692352884733,1,0.0130100592620103,0.186567223530017,122,1,0.00337296409926794
"123",148.723374091358,150.711452801866,151.66436388331,147.273715928651,148.071677244125,149.742844734674,2.63977555774138,-0.0631135858304446,22590097.461355,892433863.652294,1.07511024296327,1.90357627425703,1,-0.000630986597172263,0.185936236932845,123,0,0.00472477418622782
"124",149.994961641841,148.623960223798,150.574747701885,146.896515021965,150.711452801866,148.70101071113,-2.08749257806826,0.300194425246264,29293498.4669595,701271238.216803,1.80304325410057,5.02684619851951,1,0.00300199394980751,0.188938230882652,124,1,0.000665832046311078
"125",147.787636234197,147.461079357232,149.396451477772,146.144977300553,148.623960223798,147.764169527024,-1.16288086656647,0.86835507149231,22435629.0410981,618651273.289199,2.31623012340478,3.48241066224331,1,0.00868355739527478,0.197621788277927,125,1,0.00263206186895869
"126",148.096896463252,148.226635134429,149.534016547408,147.366431377188,147.461079357232,148.598176430886,0.765555777197686,-1.75884281410313,19130019.9724174,535680230.256436,1.42284222320536,2.69083486559182,1,-0.0175883151822119,0.180033473095715,126,0,0.00129526176554169
"127",149.303700816088,148.155851206568,150.643152167268,147.220986581468,148.226635134429,148.873258677864,-0.0707839278616772,0.779185042442927,19447468.4858127,577192608.425136,1.24248118727806,2.66772295466285,1,0.00779193312608971,0.187825406221805,127,1,0.000251636538357567
"128",148.114940856763,148.780484872444,149.677654307025,147.829788497057,148.155851206568,148.850123819662,0.62463366587635,-0.270945301034145,21915606.3170631,597945599.013876,1.01347743595016,2.30068429934281,1,-0.00270940828700512,0.1851159979348,128,0,-0.000164047799609004
"129",146.113652919639,147.297189800426,147.961111754742,143.593579455025,148.780484872444,145.892483201523,-1.48329507201786,-0.361748929541799,22201985.943939,1005292601.00598,0.889545557297672,2.93673440827432,1,-0.00361751222826064,0.181498485706539,129,0,-0.00148794903522263
"130",147.208920336761,146.156860776421,148.25509624214,145.657967774786,147.297189800426,146.508760788149,-1.14032902400464,-0.0112422659273598,17883767.544297,606825132.094377,0.629059029903624,1.58336896300599,1,-0.000112469462078027,0.181386016244461,130,0,-0.0032471544066932
"131",146.157064821627,145.565852111619,146.977129237668,145.255536775355,146.156860776421,145.880528909968,-0.591008664802155,0.521176918854721,15759358.6132603,472584816.169043,0.988011183608939,2.02184013792929,1,0.00521185745466987,0.186597873699131,131,1,0.00131288012068316
"132",145.198833213874,143.033141332058,145.460387432948,142.942428388217,145.565852111619,144.166038255261,-2.53271077956123,-2.8155815428062,16349657.0207817,665855140.48182,1.15242745895055,2.90354258900054,1,-0.0281557590353536,0.158442114663778,132,0,-0.0058766583116055
"133",144.133700562868,144.561784131353,145.314286673422,143.104362542905,143.033141332058,144.600156028495,1.52864279929522,3.74142337684179,25609166.0743139,596355853.54909,0.766572338677284,4.36423274868256,1,0.037414155702958,0.195856270366736,133,1,0.00214805448638713
"134",145.189207075098,144.555347072031,145.915812893357,143.537589874537,144.561784131353,144.881336609257,-0.0064370593224381,-1.98315704069669,28704213.075777,622097931.847444,1.31495146995083,4.6577307659893,1,-0.0198314977821123,0.176024772584623,134,0,-0.0010947426243832
"135",145.29353444644,144.211059695302,145.515331857516,142.594631965498,144.555347072031,143.65444170569,-0.344287376728647,0.947833133217318,25126983.0879868,643208712.656015,0.781779483787379,2.75869161086025,1,0.00947832068251933,0.185503093267143,135,1,0.000823415404536273
"136",144.801043570666,143.096828752154,145.178090513991,142.808498487882,144.201401722796,143.884699667772,-1.10457297064169,-0.169304575860513,24127124.7332278,831755882.822762,0.870722829198827,2.24853661810185,1,-0.00298058395227257,0.18252250931487,136,0,-0.000815072876852215
"137",143.051099989664,145.430598452052,145.59500573634,141.796347414309,143.096828752154,143.528115355492,2.33376969989817,-0.377682307936368,22486240.7440427,717679750.00413,0.657297538384588,2.2828843340118,1,-0.00377691158016195,0.178745597734708,137,0,0.00406069661418611
"138",145.249717230006,145.679805232711,146.60772450741,144.702914328603,145.430598452052,145.796945307944,0.249206780658281,-0.366140275998725,19002140.8420657,518035892.515534,0.451600833726327,1.54173356741152,1,-0.00366139378234506,0.175084203952363,138,0,-0.0041544132828745
"139",145.259877030661,147.269197889239,147.792030660697,144.878562030738,145.679805232711,146.86641131986,1.58937831002181,-0.324910417084664,16637948.540944,514708452.46695,0.384895947084649,1.55607837904496,1,-0.00324921621081211,0.171834987741551,139,0,-0.000837956968614471
"140",147.293994551215,147.634487056692,148.306745161357,146.453130058952,147.269197889239,147.606849051148,0.365289167452731,0.129904612893925,16659835.2168864,418040921.489945,0.417586211396733,1.65865325497447,1,0.00129883399089941,0.17313382173245,140,1,-0.00247385430693845
"141",147.028087527449,146.600400166726,148.013342353941,145.704363392202,147.634487056692,146.679451330822,-1.03408688996621,-1.416175688587,21676530.871031,487996569.832033,0.424548312010021,1.67467467683034,1,-0.0141617083536135,0.158972113378837,141,0,-0.00471007918720664
"142",147.133249644746,144.625096434037,147.269080750452,143.679267817515,146.600400166726,145.41186393316,-1.97530373268856,-1.12328458222368,21103355.7146936,644922590.846792,0.461731258314742,2.1034540175937,1,-0.0112328877999459,0.147739225578891,142,0,-0.00620127443116343
"143",142.307404654303,143.737520267682,144.362520000465,142.009963293476,144.625096434037,143.060635238583,-0.887576166355648,-2.21526466689167,30488280.1802034,770009120.948698,0.637760811367055,2.54088598434415,1,-0.0221524416069694,0.125586783971922,143,0,-0.00989948399608829
"144",142.352469507986,141.836180717312,143.665927752208,141.46162788493,143.737520267682,142.188643502209,-1.90133955036936,-2.26484436094154,29404483.756732,715320673.462519,0.495061661330609,2.57949895635674,1,-0.0226482061340018,0.10293857783792,144,0,-0.0137792819807262
"145",140.053484742254,142.227802222241,142.571257133487,138.827163023558,141.836180717312,140.84180212464,0.39162150492918,-1.98457524300788,31737791.1532139,814735911.665738,0.658669117623582,3.65633371214268,1,-0.0198456608076332,0.0830929170302866,145,0,-0.0180081809404328
"146",142.705693313999,142.040801945947,143.649953301027,142.004865233163,142.227802222241,142.829221485386,-0.187000276294756,-0.185783962055997,20643960.2789013,522298580.268416,0.352027163474172,1.91526821171886,1,-0.0018576462084621,0.0812352708218245,146,0,-0.0155473685114025
"147",143.305544596259,145.945488559214,146.33673503785,143.040718310888,142.040801945947,145.352586779324,3.9046866132673,1.17656903551616,27544082.5329374,797233479.932354,0.387703147387801,2.06456391158763,1,0.011765679366696,0.0930009501885204,147,1,-0.0109476550780741
"148",146.948201968979,144.494210758141,147.354234006247,144.023691160847,145.945488559214,145.686489590499,-1.45127780107263,-1.09373734832505,26034963.7758122,639065761.929578,0.353760016445408,2.56039361189083,1,-0.0109373319774819,0.0820636182110386,148,0,-0.00870463315217661
"149",151.408641211029,152.697154443291,152.921207245735,149.178141536928,144.494210758141,151.010288784535,8.20294368514991,1.76950057831863,29203535.4017718,1466799765.62284,0.400411858150885,2.11429971553974,1,0.0176951062721878,0.0997587244832264,149,1,-0.000635970670938677
"150",152.318299066743,152.559882476977,153.803257500067,151.434605417562,152.697154443291,152.580910460264,-0.137271966314608,-0.478803282889826,29619397.0794889,679090001.645625,0.388393229959804,2.48860746009678,1,-0.00478788332418601,0.0949708411590404,150,0,0.00237558482575076
"151",154.384186912723,156.235249880917,157.57774896938,154.280036757337,152.559882476977,156.492183497537,3.6753530574333,0.799839263342195,26119654.561214,844579918.653209,0.402624442548618,2.30056905713419,1,0.00799854490383244,0.102969386062873,151,1,0.00434682304820967
"152",153.938945701529,156.482650718717,156.731288755956,153.84691986787,156.227171419706,155.10658884864,0.255493645518465,0.377523853353682,19567511.388633,563601957.304477,0.352964971481611,3.32456289222978,1,0.0034745174746288,0.106443903537502,152,1,0.00268859066979623
"153",157.200414112651,157.947644311432,161.115516204859,155.899250714759,156.482650718717,158.64586387986,1.46499359271469,0.960056646325705,21676587.9170647,727215736.476735,0.509518840342461,3.4871265704403,1,0.00960071428804029,0.116044617825542,153,1,0.00679619992290067
"154",159.139767426452,158.469394724813,160.499210938535,157.382876008725,157.947644311432,158.480329968644,0.521750413381376,4.0982011800755,35002419.2451655,812253535.696682,0.524574786980049,1.8345261909994,1,0.0409819314415001,0.157026549267042,154,1,0.0114535649567631
"155",158.528474845545,160.567208169076,161.304648447009,157.648390095994,158.469394724813,159.535392828116,2.09781344426247,0.832182091716052,31390692.6716189,739257909.848141,1.39799459610776,3.08148081814012,1,0.00832176812092337,0.165348317387965,155,1,0.014075495245785
"156",160.518172440244,159.988235725431,161.703676036938,159.196740725836,160.567208169076,160.353665372375,-0.578972443645003,-0.0686530443902695,24705369.4972695,637424527.282387,1.00494375591842,3.39849727786549,1,-0.000686723177986739,0.164661594209979,156,0,0.0123384416294212
"157",161.074194636414,165.518979540663,165.632505382864,160.523875852664,159.988235725431,163.574451977358,5.53074381523202,1.26728106915693,22992666.0293473,800981164.042425,1.04302536145514,2.97182324064387,1,0.0126727376389268,0.177334331848905,157,1,0.0141780856622808
"158",165.616036106775,169.138547413862,169.755346428838,164.149376764669,165.510202911309,167.515814711995,3.62834450255383,-0.81965215666304,21898089.3181791,856424004.050943,0.695672226668795,2.18953715747923,1,-0.00942057972098983,0.167913752127916,158,0,0.0103738268604747
"159",166.514258789347,165.194742120052,168.87564974749,164.104262725014,169.138547413862,166.1601856961,-3.94380529380988,-0.908495500864201,27164999.3180876,998163982.708619,0.657609928248064,3.5971801314225,1,-0.0090849824710211,0.158828769656894,159,0,0.000360444077970494
"160",167.229967941646,166.11138040898,169.395801416581,166.032681753411,165.194742120052,167.372684096909,0.916638288927949,0.844276789998226,33482312.4882871,1101102806.69175,0.647476661347556,2.24798603619239,1,0.00844286092565093,0.167271630582545,160,1,0.000384662638916005
"161",166.11292302837,164.820447199213,168.188681665334,162.271420813005,166.11138040898,164.740447935443,-1.29093320976707,-0.439209598483313,24278789.9097566,929163324.93107,0.572705753287641,2.27921961556874,1,-0.00439207060912752,0.162879559973418,161,0,-0.000356406847312151
"162",165.518792410155,166.73666575458,167.574261286847,163.642907315487,164.820447199213,165.896382520707,1.91621855536637,0.664345971127172,20770656.1779454,635282507.188575,0.843304241420647,2.97745471677866,1,0.00664331187595416,0.169522871849372,162,1,-0.00156229199990667
"163",168.45106976069,170.706795350727,171.496593974593,167.936409549468,166.73666575458,169.740209082043,3.97012959614745,-1.4191223796746,22234684.4548006,908563538.07907,0.695647996646839,3.17802065839179,1,-0.0141913062598322,0.15533156558954,163,0,-0.00251643730767516
"164",170.395421941462,170.355881444109,171.305024778036,168.77204396921,170.706795350727,170.103072208897,-0.35091390661849,1.37792191654929,27513699.7681292,689319804.197704,0.532125668378623,3.08067530294033,1,0.0137791446462521,0.169110710235792,164,1,0.00205638811577949
"165",170.56445575687,170.57864809075,172.232498287933,168.840463938051,170.355881444109,170.438944457482,0.222766646640907,0.580356048805018,24704408.7779752,676766751.988489,0.594996913891643,2.21835718666537,1,0.00580361531414451,0.174914325549936,165,1,0.0015285389934782
"166",170.678543669072,168.659462846871,171.27683900753,167.666579403446,170.57864809075,168.809108868115,-1.91918524387906,2.30448402386306,41843845.573705,864432455.489317,1.22371999687796,3.95610408851625,1,0.0230449221100005,0.197959247659937,166,1,0.0070159375373038
"167",169.245092336237,171.323730120962,171.610396495804,168.986178307171,168.659462846871,170.477030156198,2.66426727409115,-0.118315339672285,49004450.0257016,940374561.990158,1.16819686048863,2.47598009510209,1,-0.00118330212138855,0.196775945538548,167,0,0.00545061473783526
"168",171.414740456964,171.105267873029,171.733193109969,169.375788602491,171.323730120962,170.420658647908,-0.218462247932949,-0.0340923675626208,26811191.1172969,645107117.763775,0.601709339654198,2.20181675985225,1,-0.000340926402341832,0.196435019136207,168,0,0.00822069070933334
"169",171.587069860728,170.302652849259,172.060917095476,170.02227522154,171.105267873029,170.651720664135,-0.802615023770173,0.587142007005318,32413286.5102802,746054777.376596,0.721821491745738,2.08528504662432,1,0.00587137240332931,0.202306391539536,169,1,0.00663913626074878
"170",169.982217036021,168.475589238806,170.139049796913,167.829316730182,170.302652849259,168.735450264538,-1.82706361045283,-0.215574693258668,25368019.2120413,621881835.620112,0.576268955597552,1.97187895097695,1,-0.00215579978313357,0.200150591756402,170,0,0.00504725324129316
"171",167.804167728976,160.599402918545,167.965913782281,160.359863398335,168.475589238806,163.52766438023,-7.87618632026069,-1.49509882981482,26088585.495712,1473258121.65027,0.584630822545453,2.30950450234269,1,-0.0149507059266367,0.185199885829766,171,0,-0.00255187236603426
"172",160.112536067784,164.87686224293,166.51359487286,160.05615728967,160.599402918545,163.790034453663,4.27745932438479,0.942783512611289,33981922.4422167,920433235.228058,0.550140388838283,2.28162976389655,1,0.00942795610148974,0.194627841931255,172,1,-0.000429620721458602
"173",162.588797912053,164.783257555927,165.614967226486,162.371632518838,164.87686224293,164.0920937534,-0.0936046870027638,-0.947609084566347,40890714.4591203,783877469.008408,0.536415741819028,3.15966285589866,1,-0.00947601669074968,0.185151825240506,173,0,-0.00225663877914017
"174",164.04414647253,163.909535303636,165.892750752049,162.870414549779,164.776006125544,164.578135297207,-0.866470821907766,-1.96959033766928,28832982.0574832,613875941.113518,0.552447637897731,2.67748090100791,1,-0.0210330838239736,0.164118741416532,174,0,-0.00763753002460075
"175",166.010894065819,171.812848769841,172.02946508206,165.942324057293,163.909535303636,170.503934983157,7.90331346620486,1.04494095718726,23229234.8818596,1307307172.39772,0.388790007716304,1.64552857428566,1,0.0104495017491505,0.174568243165683,175,1,-0.00511646971814393
"176",171.784156009075,171.308826940538,172.11108107085,170.09672894902,171.812848769841,171.126520879559,-0.504021829303046,0.532337539918793,23050480.392162,624320494.422217,0.340121045099507,1.98222079075394,1,0.00532363899473832,0.179891882160421,176,1,-0.00106160073386894
"177",172.183497787285,173.152015237564,173.557672876078,171.641588542877,171.308826940538,172.784136394877,1.8431882970257,1.05866100584553,43384848.504085,991236385.085048,0.611682375438925,1.9464777521301,1,0.0105864157098976,0.190478297870319,177,1,-0.000829908812187361
"178",173.131209570621,171.980841051099,173.229960580254,169.315023719216,173.152015237564,171.061763825083,-1.17117418646466,0.0980934329484473,34721483.7895356,762156317.815727,1.0125730220617,2.65202117752459,1,0.000981028622286949,0.191459326492605,178,1,0.00126150025041996
"179",172.802173510145,176.886261031065,177.151583223433,172.280067602236,171.980841051099,175.578792633654,4.90541997996614,-0.843309525786148,26712969.4329053,819143597.405696,0.706727954696211,2.14004635545297,1,-0.00843317216865585,0.18302615432395,179,0,0.00378148258148351
"180",176.323153292369,175.399703784818,177.677945279956,174.858351702359,176.886261031065,176.151970941839,-1.48655724624735,-0.987481099095747,25941361.1046955,653551197.492425,0.514328466343431,2.21309200065314,1,-0.00987485328746852,0.173151301036481,180,0,-0.000283388425840296
"181",175.549538318584,174.248828838243,176.811107425391,173.058781990202,175.399703784818,174.695770812168,-1.15087494657486,-1.86160307883456,30100641.0795639,692974879.879287,0.650323940676374,3.05374096461289,1,-0.0186160298585458,0.154535271177935,181,0,-0.00507132219649711
"182",173.848164943465,175.396099741901,176.639557008907,172.210436006658,174.248828838243,174.783714779097,1.14727090365867,0.540614866262835,22982837.7074549,559406353.433942,0.479262089638912,2.01352730946728,1,0.00540603637502648,0.159941307552962,182,1,-0.00610739806347134
"183",173.694779027853,171.764757226838,174.646060663273,171.757056083099,175.396099741901,172.776673203235,-3.63134251506324,-1.19968326107033,18993858.5896501,669165023.111059,0.330034366968188,1.50103951588844,1,-0.0119968012213963,0.147944506331566,183,0,-0.00870296403220799
"184",172.223612579534,174.271233280647,176.197019559379,172.026322303855,171.764757226838,174.638300828012,2.50647605380862,0.582699414141537,24363382.6737612,739716767.545949,0.334689972534288,2.17999088244738,1,0.00582708671777908,0.153771593049345,184,1,-0.005850912254921
"185",174.153467897374,171.399198541676,174.20994104561,169.610317828485,174.271233280647,171.409588168256,-2.87202039246366,0.0901072005024826,23778141.8463786,808041431.119212,0.353268270637672,1.89898849581516,1,0.000901159540910379,0.154672752590255,185,1,-0.00369570968924522
"186",168.548002988339,172.653779876435,173.238587333091,165.922541422235,171.399198541676,170.17260971828,1.25456698825225,1.36584410084059,27294183.715403,886021369.107565,0.465300150229511,2.7068262345324,1,0.0136584283990435,0.168331180989298,186,1,0.00275918196227263
"187",172.949490483397,175.517655820472,175.62042315891,172.201957289676,172.653779876435,174.185733210076,2.86387594403653,0.842330604156242,35634142.304185,775615021.838446,0.475268792171279,2.04032385678353,1,0.00842340780469219,0.176754588793991,187,1,0.00336265624820577
"188",177.189990921706,176.375574482228,177.54403059461,174.86674512493,175.517655820472,176.443977274669,0.857918661755656,0.990658334833087,38600000.5857413,791603957.658363,0.502072879411955,1.84989928528812,1,0.00990669943904936,0.18666128823304,188,1,0.0077433563802949
"189",176.370708093168,180.856942069852,181.622848181144,175.830302112745,176.375574482228,179.339108643053,4.48136758762421,0.629727853926959,24498878.8487035,887769160.862177,0.492936036972264,3.10895084301509,1,0.00629725555139272,0.192958543784433,189,1,0.00783739014701763
"190",174.665214609195,174.885708303801,177.552138330602,173.427252688572,180.856942069852,175.318911496015,-5.97123376605045,-1.3433861709782,30654542.9527948,1255834641.27857,0.51541575126244,2.24389464728947,1,-0.0134338120520881,0.179524731732345,190,0,0.00497039582841794
"191",175.732502540134,176.774022564459,177.346214516237,173.741760907939,174.885708303801,175.282875870674,1.88831426065785,0.0292078617370274,28153388.0575452,746765559.931885,0.329309158228519,1.90333280455479,1,0.000292143001186477,0.179816874733531,191,1,0.00229713874884654
"192",176.1784470523,175.591301220169,177.801260158959,174.978899531596,176.774022564459,176.080344619386,-1.18270699778393,-1.36522480844547,26298026.346955,701604721.59595,0.301995273664125,2.56231308276225,1,-0.013652367099087,0.166164507634444,192,0,-0.0021180162319093
"193",175.023304924222,174.507638614358,176.096540891153,173.647891677287,175.591301220169,174.582467354198,-1.08366260581082,-0.686928580929041,22229989.935168,614789265.121571,0.309565395210416,2.59310479705364,1,-0.00686929322893121,0.159295214405513,193,0,-0.00547321476550542
"194",175.875861019279,174.879080421381,176.460094435696,173.758674949182,174.507638614358,174.932295171811,0.371441807023408,0.683124585742907,28850794.6491125,595756228.349114,0.376464731339174,2.16330964295983,1,0.00683147302091301,0.166126687426426,194,1,-0.00536637127160136
"195",174.464757426469,173.067632686454,175.923441293335,172.637382745382,174.879080421381,173.729022303027,-1.81144773492694,-1.46452714614733,24517941.1419118,582915189.358243,0.331628705979468,2.00183898242568,1,-0.0146451406331725,0.151481546793254,195,0,-0.00560863698781824
"196",173.944723110283,171.827429957623,174.143805923258,171.324411926922,173.067632686454,172.597878847876,-1.2402027288315,-0.19138180864147,23749949.0880396,639162748.326429,0.289791848830668,1.59690481654012,1,-0.00191375213928092,0.149567794653973,196,0,-0.00604981601591172
"197",172.281582955009,174.89212266732,175.095403412028,170.757866706526,171.827429957623,173.250183671239,3.06469270969746,0.727501650102266,24817680.2529074,622745806.278434,0.314387557675429,1.68072434941411,1,0.00727494211334847,0.156842736767321,197,1,-0.00186435417342463
"198",174.123097568389,175.947510248411,176.368330965523,173.939055101399,174.89212266732,175.606008195488,1.05540192759721,1.01109702904914,27973195.5331797,604857654.772773,0.363850190234654,1.74739671857154,1,0.0101107633492932,0.166953500116614,198,1,0.00153165714222025
"199",176.346243034207,177.988616513116,179.097383605635,175.778286703888,175.947510248411,177.88235965163,2.04110626470542,-0.777468918663792,21816453.0801972,646623487.070489,0.335725881833826,1.86151346776831,1,-0.00777461650229243,0.159178883614322,199,0,-0.00138956076242084
"200",177.520689998918,176.602746806237,177.978501306747,175.448908551152,177.988616513116,176.644406969696,-1.38586970687898,-0.919052060131875,24149160.6505452,550206380.957135,0.322458305644185,1.81169038327177,1,-0.00919063443779141,0.14998824917653,200,0,-0.000298659523344625
"201",178.325492554302,175.937368920814,178.667079277213,175.364363363454,176.602746806237,176.621728092765,-0.665377885423354,-1.40234679566864,25369924.188826,630423918.142667,0.352777194687567,2.27640115845806,1,-0.0140232197460943,0.135965029430436,201,0,-0.0027205530447073
"202",176.089149614524,176.758260295085,177.783958226703,174.803700156283,175.937368920814,176.368768256964,0.820891374270814,1.21093624966381,32228725.1772549,646090074.282072,0.363715348292726,2.50127732991738,1,0.0121092344185015,0.148074263848938,202,1,-0.0017536945836767
"203",177.485251807009,178.9566401193,180.507024774702,177.311670971832,176.758260295085,179.027584624059,2.19837982421575,1.66462723160561,62675912.1684664,916367006.381436,0.735531577074261,2.70409649098486,1,0.0166462015157531,0.164720465364691,203,1,-0.000446606950384711
"204",178.925286001493,178.846821015126,179.775000882922,177.774861492773,178.9566401193,178.796588834011,-0.1098191041746,-0.359435195609915,52541196.4518695,779915735.521437,0.512866835458794,1.71306730239631,1,-0.00359455357768403,0.161125911787007,204,0,0.000389405634536971
"205",178.566161647046,177.89646974403,179.614491594847,177.26925654629,178.846821015126,178.468775179539,-0.950351271095448,-1.19630996150381,44763494.5574668,673067108.251405,0.493920504656851,2.39110875884644,1,-0.0119631160019994,0.149162795785007,205,0,-0.000165090678304625
"206",178.393122642983,179.098127805142,179.214103814633,177.274773985476,177.89646974403,178.278549063173,1.20165806111194,0.11382704339793,32344281.0913996,510648174.371043,0.325411262847995,1.28005666667781,1,0.00113853499822871,0.150301330783236,206,1,0.00286726027055998
"207",179.674280083182,179.61314342188,181.250734843556,179.087979964559,179.098127805142,180.254492598685,0.515015616737782,0.00504903778509918,40294177.3793995,716972793.198171,0.430220032310763,1.91509399738561,1,5.03536086632273e-05,0.150351684391899,207,1,0.00045548410859233
"208",179.054343534991,178.587551714932,179.744970853173,177.772714265016,179.61314342188,178.837760289957,-1.02559170694794,-2.18960740000638,38477610.629053,573771785.255762,0.435469269473093,2.09472629362347,1,-0.021896188628281,0.128455495763618,208,0,-0.0072529939202145
"209",179.302444043403,178.962737606458,180.137400821872,178.406368714149,178.587551714932,179.095019034466,0.37518589152641,0.0510072484081924,23898162.5529572,497209134.426076,0.293427077309644,1.44098104555461,1,0.00051007074389244,0.128965566507511,209,1,-0.0064320690558992
"210",179.724055899917,182.174662028233,182.742572939498,178.655663081969,178.962737606458,181.101483453132,3.21192442177439,0.176452716667025,24229343.3263907,729813793.268142,0.25921977463451,1.50614357853676,1,0.00176461723575955,0.13073018374327,210,1,-0.00368652240834741
"211",182.597939599265,183.015865329605,184.492543584566,181.829303768295,182.174662028233,183.336962556637,0.841203301372573,-0.17560982950658,20937378.1354324,560868523.901367,0.226874793410942,1.19709871380808,1,-0.00175598162567377,0.128974202117596,211,0,-0.00426542573312791
"212",183.032541165823,182.25894717536,183.528585633282,181.741854765358,183.015865329605,182.484814892257,-0.756918154245578,-0.449750543702182,26619977.7488591,469077899.646155,0.353410339663189,2.17820985107994,1,-0.00449784024091882,0.124476361876678,212,0,-0.00517506450304432
"213",182.282220302822,182.66673072472,183.025352144924,181.231920972845,182.25894717536,181.916983618838,0.407783549360586,0.869247480594951,21395354.9677161,467472207.51604,0.279397883721898,2.03577206924753,1,0.00869238442045449,0.133168746297132,213,1,0.000942650106702778
"214",182.765868227379,183.432950707377,184.779926962266,182.295758621202,182.66673072472,183.445058237281,0.766205636149987,0.70647462406252,23200643.1131149,533770744.978363,0.321246939470602,1.63664432232723,1,0.0070648277539879,0.14023357405112,214,1,0.00225360150872187
"215",183.091627348851,183.599335497176,184.475550166715,182.728343166433,183.432950707377,183.56819452223,0.166399136305418,-0.333718037714749,27536770.271264,517417211.670355,0.333102610181388,1.38513818518395,1,-0.00333716691820369,0.136896407132916,215,0,0.00123324467792922
"216",183.165407918434,183.228610239623,183.860747838836,181.702782570503,183.599335497176,182.744540143358,-0.370725257552747,-0.306801286644536,19280723.2949343,488751101.999731,0.245286678278877,1.24522419311915,1,-0.00306780626059271,0.133828600872324,216,0,0.000970879750945434
"217",182.036853941762,177.836709031818,182.945712919023,176.493522891309,183.228610239623,179.662055020115,-5.39190120780565,-0.796822801637408,31743334.3167025,1032942569.35402,0.365560941964274,2.30863103948889,1,-0.00796831038199867,0.125860290490325,217,0,0.000276785722729464
"218",176.979056646042,176.218820149038,177.966910887934,174.654828028839,177.836709031818,175.955553739878,-1.61787453627252,1.15771157628397,46183502.6505584,963429103.075561,0.423257399220807,2.45479052796789,1,0.0115773097862492,0.137437600276574,218,1,0.000853770795888411
"219",176.897024433789,176.606179559391,178.626347383352,176.280549610423,176.218820149038,177.534051423381,0.387345063845986,-0.272419764290174,31367636.8521795,913224127.280315,0.335646467165857,1.50329082274208,1,-0.00272437532546406,0.13471322495111,219,0,-0.00110406982000198
"220",177.719533228798,177.289572800681,178.327847929526,176.475914141073,176.606179559391,177.445030519979,0.683393241289718,-0.34771710664879,20603469.0642601,486532859.103943,0.276602726332497,1.60305924539571,1,-0.00347712618251605,0.131236098768594,220,0,-0.00113206167286445
"221",178.009019148247,175.259502405303,178.428319298569,174.250095443816,177.289572800681,175.947994195148,-2.03005604887101,-0.198923154976595,18362729.0323735,614434094.709208,0.264498563124731,1.53903493673239,1,-0.00198938282882797,0.129246715939766,221,0,-0.000916376986511505
"222",173.759990815878,168.509841972392,173.795193831323,166.154638062598,175.259502405303,169.125925866147,-6.74966043291079,-0.943671240135153,19840750.9415059,1480358260.96823,0.301243986580798,1.79542726246887,1,-0.00943673140999483,0.119809984529771,222,0,-0.00121006119211074
"223",166.970055295505,169.104173989416,170.164777037049,166.941894250807,168.509841972392,168.730375733854,0.594332017023634,0.25605467959791,20723479.9880911,657111553.396007,0.274370418522681,1.47742441347351,1,0.00256037310081199,0.122370357630583,223,1,-0.00301344852919818
"224",169.085262305106,166.947864628432,169.126319988282,166.831621361352,169.104173989416,167.440453129308,-2.15630936098338,-0.292752059978996,16658024.7664998,562636034.761732,0.474858773972301,1.58686621710744,1,-0.00292750807826503,0.119442849552318,224,0,-0.00305407507975838
"225",170.064066960299,167.524113256805,170.757525190012,166.859950616106,166.947864628432,168.348061707634,0.576248628372176,-0.532445104808122,21109585.2655889,715889104.604763,0.50129949651363,1.3361960724251,1,-0.00532450715162963,0.114118342400689,225,0,-0.0034235512735811
"226",167.920181090543,168.631453113059,168.975512592916,166.88656214644,167.524113256805,168.058174617239,1.1073542027611,0.619230483133026,21874761.5867577,495258611.229901,0.454296890047764,1.35348841208015,1,0.00619251129624892,0.120310853696937,226,1,-0.00178717244856572
"227",169.53832113595,174.443426839855,174.467275892315,168.652830914758,168.631453113059,172.365430255845,5.81197372679602,1.19903733911298,24568867.2632854,826045760.505275,0.444572182548162,1.77853349249618,1,0.0119902484571832,0.132301102154121,227,1,0.00249822352486989
"228",175.16440483375,172.821814694534,175.343400649636,172.395430508415,174.443426839855,173.787166082704,-1.62161214532057,-0.123667643907788,33915184.5080865,596910402.849526,0.462770388061779,1.62903709808385,1,-0.00123675794608644,0.131064344208034,228,0,0.0017387973154902
"229",172.951211611691,173.621149848821,173.74391799128,171.645333356161,172.821814694534,172.909588985049,0.7993495007933,-0.118368369614903,20857192.0532737,404958203.586339,0.35162831123572,1.36148191648946,1,-0.0011837100871727,0.129880634120862,229,0,0.00208755691370867
"230",174.129354590205,172.94640178997,174.710141811425,172.319449999695,173.621149848821,173.078113515267,-0.674748058850806,1.03508948901904,30347597.190814,483303114.392661,0.527371104195386,2.71662107979951,1,0.0103510094354549,0.140231643556316,230,1,0.00522266023112558
"231",172.478128847178,169.719040880506,173.083876122813,168.699517809428,172.94640178997,170.65234130434,-3.22736090946397,-1.20355070886808,21060318.7618782,635641487.875364,0.419497757398768,1.66894578347531,1,-0.0120355530513688,0.128196090504948,231,0,0.00157704736160203
"232",171.089558699587,173.546502602185,173.869049586705,171.03033169747,169.719040880506,172.804783488066,3.82746172167882,1.56198914155655,49305170.3163096,872988464.188968,0.631874303197844,1.69876722312748,1,0.0156199045781479,0.143815995083096,232,1,0.00230297858579497
"233",173.611588471469,171.442814890315,173.65984328374,169.947484907158,173.546502602185,171.560315729451,-2.10368771187039,0.438875432885041,32574693.6049272,770563816.221876,0.62616001841239,1.69412676455326,1,0.00438865411730964,0.148204649200405,233,1,0.00342806099847418
"234",171.669935025429,174.723406600591,175.312000031726,170.702235525329,171.442814890315,173.037811915899,3.2805773637698,1.69321262756609,56288337.5785307,1129751882.45981,0.820130163753934,3.00533263181869,1,0.0169322022486074,0.165136851449013,234,1,0.0070512434656302
"235",175.283673697801,174.396291115931,175.537126541584,173.802693729474,174.723406600591,174.577295709931,-0.327115484659704,-0.570320412768739,31415826.4905784,572231915.000883,0.494455773325298,1.71555015794981,1,-0.00570309835421301,0.159433753094799,235,0,0.00384042190769661
"236",173.69430058956,172.928833706601,173.781777548759,172.089092994841,174.396291115931,172.897031755552,-1.46745740933099,0.536283396063204,30567838.2107353,554857924.164803,0.448434661138924,1.55877193890341,1,0.0053626198623564,0.164796372957156,236,1,0.00732005649044166
"237",173.613454311766,171.290235252377,173.670115336152,170.571264547809,172.928833706601,171.485294841757,-1.63859845422363,-0.753401797088971,24981883.9933092,585637114.659348,0.425500357923843,1.78195462240736,1,-0.00753416727770456,0.157262205679451,237,0,0.00268924211927117
"238",170.250436769659,171.586925229245,173.65430824452,169.664766856478,171.290235252377,171.829270778767,0.296689976868254,-1.55722292625973,29493753.6382719,648476278.339953,0.460165745270582,2.61956145383152,1,-0.0155721853224847,0.141690020356967,238,0,-0.00130292576868771
"239",172.128652204672,171.455992549134,172.492434558965,170.953029078389,171.586925229245,171.585622686302,-0.130932680111054,0.678056353058708,18427182.6435272,340316670.19063,0.3170336535536,1.41645221533508,1,0.00678065798386988,0.148470678340836,239,1,-0.00333323462163521
"240",170.734858798972,169.395221942682,170.778846838855,168.823186794301,171.455992549134,169.410063198991,-2.06077060645196,-0.208443723579923,17544058.5376342,534497124.405864,0.307796799110469,1.27775682835134,1,-0.00208453639413625,0.1463861419467,240,0,-0.00260952222961986
"241",169.162263668839,169.666249802485,170.691865545584,167.408109645462,169.395221942682,168.98162848425,0.271027859802463,0.828589088044305,24649370.287143,549238912.459082,0.371393223820097,1.83946588792134,1,0.00828588345002097,0.154672025396721,241,1,-0.00202486951208694
"242",171.809634156296,173.668432337282,175.060907055318,171.760691947037,169.666249802485,174.084517420659,4.00218253479786,0.343505633616328,42065274.1703269,1112123009.97087,0.619193102893644,2.02399995620998,1,0.00343508674545171,0.158107112142173,242,1,0.000168981292544311
"243",174.689581013618,177.003038651464,178.443931420332,174.611133948733,173.668432337282,176.762503842938,3.33460631418129,1.0666434143147,43773704.3117439,1027436430.65544,0.722451520495347,2.74703418811883,1,0.0106663814764516,0.168773493618625,243,1,0.00541669465233158
"244",176.59090746753,176.626582910336,177.390060927096,175.609664490584,177.003038651464,176.25191374133,-0.3764557411274,0.360906584658422,42624652.4898503,696875104.716383,0.574192220151938,1.75212693660225,1,0.00360896289477285,0.172382456513397,244,1,0.00478235563451217
